time,temperature
2025-11-15T00:00,5.7
2025-11-15T01:00,5.7
2025-11-15T02:00,5.6
2025-11-15T03:00,5.6
2025-11-15T04:00,5.4
2025-11-15T05:00,5.5
2025-11-15T06:00,5.3
2025-11-15T07:00,5.2
2025-11-15T08:00,5.1
2025-11-15T09:00,5.2
2025-11-15T10:00,5.2
2025-11-15T11:00,5.3
2025-11-15T12:00,5.2
2025-11-15T13:00,5.2
2025-11-15T14:00,5.3
2025-11-15T15:00,5.1
2025-11-15T16:00,4.7
2025-11-15T17:00,4.6
2025-11-15T18:00,4.7
2025-11-15T19:00,4.9
2025-11-15T20:00,5.0
2025-11-15T21:00,5.0
2025-11-15T22:00,5.0
2025-11-15T23:00,5.0
2025-11-16T00:00,5.0
2025-11-16T01:00,5.2
2025-11-16T02:00,5.3
2025-11-16T03:00,5.4
2025-11-16T04:00,5.6
2025-11-16T05:00,5.4
2025-11-16T06:00,5.5
2025-11-16T07:00,5.1
2025-11-16T08:00,6.1
2025-11-16T09:00,7.6
2025-11-16T10:00,8.8
2025-11-16T11:00,9.2
2025-11-16T12:00,9.2
2025-11-16T13:00,9.0
2025-11-16T14:00,8.3
2025-11-16T15:00,7.3
2025-11-16T16:00,6.4
2025-11-16T17:00,6.0
2025-11-16T18:00,5.5
2025-11-16T19:00,5.3
2025-11-16T20:00,5.2
2025-11-16T21:00,5.1
2025-11-16T22:00,4.9
2025-11-16T23:00,4.6
2025-11-17T00:00,3.8
2025-11-17T01:00,3.4
2025-11-17T02:00,2.9
2025-11-17T03:00,2.8
2025-11-17T04:00,2.5
2025-11-17T05:00,2.4
2025-11-17T06:00,3.1
2025-11-17T07:00,3.5
2025-11-17T08:00,3.3
2025-11-17T09:00,3.7
2025-11-17T10:00,4.4
2025-11-17T11:00,4.8
2025-11-17T12:00,5.5
2025-11-17T13:00,5.6
2025-11-17T14:00,5.3
2025-11-17T15:00,2.8
2025-11-17T16:00,2.6
2025-11-17T17:00,2.5
2025-11-17T18:00,2.1
2025-11-17T19:00,1.7
2025-11-17T20:00,1.2
2025-11-17T21:00,0.9
2025-11-17T22:00,0.7
2025-11-17T23:00,0.5
2025-11-18T00:00,0.5
2025-11-18T01:00,0.5
2025-11-18T02:00,0.8
2025-11-18T03:00,1.0
2025-11-18T04:00,1.2
2025-11-18T05:00,1.3
2025-11-18T06:00,1.8
2025-11-18T07:00,1.9
2025-11-18T08:00,2.6
2025-11-18T09:00,3.8
2025-11-18T10:00,4.7
2025-11-18T11:00,5.5
2025-11-18T12:00,5.6
2025-11-18T13:00,5.8
2025-11-18T14:00,5.6
2025-11-18T15:00,5.0
2025-11-18T16:00,4.6
2025-11-18T17:00,4.1
2025-11-18T18:00,3.9
2025-11-18T19:00,3.7
2025-11-18T20:00,3.1
2025-11-18T21:00,3.0
2025-11-18T22:00,2.9
2025-11-18T23:00,3.0
2025-11-19T00:00,2.8
2025-11-19T01:00,2.3
2025-11-19T02:00,1.8
2025-11-19T03:00,1.7
2025-11-19T04:00,2.1
2025-11-19T05:00,2.3
2025-11-19T06:00,1.2
2025-11-19T07:00,1.2
2025-11-19T08:00,1.5
2025-11-19T09:00,2.3
2025-11-19T10:00,3.2
2025-11-19T11:00,4.2
2025-11-19T12:00,4.6
2025-11-19T13:00,5.1
2025-11-19T14:00,4.7
2025-11-19T15:00,4.1
2025-11-19T16:00,3.9
2025-11-19T17:00,3.9
2025-11-19T18:00,3.2
2025-11-19T19:00,3.0
2025-11-19T20:00,3.5
2025-11-19T21:00,3.9
2025-11-19T22:00,3.8
2025-11-19T23:00,3.4
2025-11-20T00:00,3.2
2025-11-20T01:00,2.9
2025-11-20T02:00,2.1
2025-11-20T03:00,2.0
2025-11-20T04:00,2.1
2025-11-20T05:00,1.3
2025-11-20T06:00,1.6
2025-11-20T07:00,1.8
2025-11-20T08:00,2.0
2025-11-20T09:00,2.2
2025-11-20T10:00,1.8
2025-11-20T11:00,1.9
2025-11-20T12:00,2.3
2025-11-20T13:00,2.1
2025-11-20T14:00,2.8
2025-11-20T15:00,3.0
2025-11-20T16:00,2.4
2025-11-20T17:00,1.3
2025-11-20T18:00,0.9
2025-11-20T19:00,0.8
2025-11-20T20:00,0.3
2025-11-20T21:00,-0.2
2025-11-20T22:00,-0.6
2025-11-20T23:00,-1.0
2025-11-21T00:00,-0.6
2025-11-21T01:00,-1.5
2025-11-21T02:00,-2.0
2025-11-21T03:00,-2.4
2025-11-21T04:00,-2.8
2025-11-21T05:00,-3.0
2025-11-21T06:00,-3.3
2025-11-21T07:00,-3.5
2025-11-21T08:00,-2.6
2025-11-21T09:00,-1.5
2025-11-21T10:00,-0.4
2025-11-21T11:00,0.5
2025-11-21T12:00,1.5
2025-11-21T13:00,1.6
2025-11-21T14:00,1.1
2025-11-21T15:00,-0.1
2025-11-21T16:00,-0.7
2025-11-21T17:00,-1.1
2025-11-21T18:00,-1.3
2025-11-21T19:00,-1.7
2025-11-21T20:00,-2.0
2025-11-21T21:00,-2.2
2025-11-21T22:00,-2.5
2025-11-21T23:00,-2.7
2025-11-22T00:00,-3.0
2025-11-22T01:00,-3.5
2025-11-22T02:00,-3.7
2025-11-22T03:00,-4.0
2025-11-22T04:00,-5.1
2025-11-22T05:00,-5.3
2025-11-22T06:00,-4.4
2025-11-22T07:00,-5.0
2025-11-22T08:00,-3.5
2025-11-22T09:00,-1.9
2025-11-22T10:00,-0.3
2025-11-22T11:00,1.0
2025-11-22T12:00,1.4
2025-11-22T13:00,1.7
2025-11-22T14:00,1.2
2025-11-22T15:00,0.0
2025-11-22T16:00,-0.5
2025-11-22T17:00,-1.0
2025-11-22T18:00,-1.3
2025-11-22T19:00,-1.6
2025-11-22T20:00,-1.9
2025-11-22T21:00,-2.2
2025-11-22T22:00,-2.4
2025-11-22T23:00,-2.6
2025-11-23T00:00,-2.9
2025-11-23T01:00,-3.4
2025-11-23T02:00,-3.7
2025-11-23T03:00,-4.1
2025-11-23T04:00,-4.4
2025-11-23T05:00,-4.7
2025-11-23T06:00,-5.1
2025-11-23T07:00,-5.1
2025-11-23T08:00,-4.5
2025-11-23T09:00,-3.4
2025-11-23T10:00,-2.0
2025-11-23T11:00,-0.7
2025-11-23T12:00,0.2
2025-11-23T13:00,0.3
2025-11-23T14:00,-0.2
2025-11-23T15:00,-1.5
2025-11-23T16:00,-2.2
2025-11-23T17:00,-2.7
2025-11-23T18:00,-2.9
2025-11-23T19:00,-3.2
2025-11-23T20:00,-3.5
2025-11-23T21:00,-3.8
2025-11-23T22:00,-4.1
2025-11-23T23:00,-3.3
2025-11-24T00:00,-3.7
2025-11-24T01:00,-3.3
2025-11-24T02:00,-2.2
2025-11-24T03:00,-1.6
2025-11-24T04:00,-1.2
2025-11-24T05:00,-0.9
2025-11-24T06:00,-1.2
2025-11-24T07:00,-0.8
2025-11-24T08:00,-0.1
2025-11-24T09:00,0.7
2025-11-24T10:00,1.2
2025-11-24T11:00,2.2
2025-11-24T12:00,2.3
2025-11-24T13:00,2.9
2025-11-24T14:00,2.4
2025-11-24T15:00,1.3
2025-11-24T16:00,1.1
2025-11-24T17:00,1.4
2025-11-24T18:00,1.6
2025-11-24T19:00,1.5
2025-11-24T20:00,1.4
2025-11-24T21:00,0.9
2025-11-24T22:00,0.3
2025-11-24T23:00,0.1
2025-11-25T00:00,0.9
2025-11-25T01:00,0.9
2025-11-25T02:00,1.0
2025-11-25T03:00,0.7
2025-11-25T04:00,0.7
2025-11-25T05:00,0.7
2025-11-25T06:00,0.8
2025-11-25T07:00,0.8
2025-11-25T08:00,1.0
2025-11-25T09:00,1.4
2025-11-25T10:00,2.1
2025-11-25T11:00,2.8
2025-11-25T12:00,3.1
2025-11-25T13:00,3.4
2025-11-25T14:00,3.0
2025-11-25T15:00,2.8
2025-11-25T16:00,2.4
2025-11-25T17:00,1.7
2025-11-25T18:00,1.9
2025-11-25T19:00,1.5
2025-11-25T20:00,1.2
2025-11-25T21:00,0.6
2025-11-25T22:00,0.2
2025-11-25T23:00,0.0
2025-11-26T00:00,-0.0
2025-11-26T01:00,0.0
2025-11-26T02:00,0.0
2025-11-26T03:00,0.1
2025-11-26T04:00,0.2
2025-11-26T05:00,-0.1
2025-11-26T06:00,-0.7
2025-11-26T07:00,-0.9
2025-11-26T08:00,-0.1
2025-11-26T09:00,0.8
2025-11-26T10:00,3.1
2025-11-26T11:00,4.3
2025-11-26T12:00,4.1
2025-11-26T13:00,4.7
2025-11-26T14:00,4.5
2025-11-26T15:00,3.3
2025-11-26T16:00,2.1
2025-11-26T17:00,1.5
2025-11-26T18:00,2.2
2025-11-26T19:00,1.9
2025-11-26T20:00,1.3
2025-11-26T21:00,0.9
2025-11-26T22:00,0.1
2025-11-26T23:00,-0.2
2025-11-27T00:00,0.9
2025-11-27T01:00,1.7
2025-11-27T02:00,1.8
2025-11-27T03:00,1.6
2025-11-27T04:00,1.5
2025-11-27T05:00,1.2
2025-11-27T06:00,1.6
2025-11-27T07:00,1.6
2025-11-27T08:00,1.8
2025-11-27T09:00,2.1
2025-11-27T10:00,2.3
2025-11-27T11:00,2.7
2025-11-27T12:00,3.8
2025-11-27T13:00,4.0
2025-11-27T14:00,3.6
2025-11-27T15:00,2.9
2025-11-27T16:00,2.4
2025-11-27T17:00,2.3
2025-11-27T18:00,2.7
2025-11-27T19:00,2.8
2025-11-27T20:00,3.3
2025-11-27T21:00,3.6
2025-11-27T22:00,3.7
2025-11-27T23:00,3.9
2025-11-28T00:00,3.9
2025-11-28T01:00,3.9
2025-11-28T02:00,4.0
2025-11-28T03:00,4.1
2025-11-28T04:00,4.2
2025-11-28T05:00,4.2
2025-11-28T06:00,4.2
2025-11-28T07:00,4.3
2025-11-28T08:00,4.5
2025-11-28T09:00,4.8
2025-11-28T10:00,5.0
2025-11-28T11:00,5.2
2025-11-28T12:00,5.5
2025-11-28T13:00,5.7
2025-11-28T14:00,5.8
2025-11-28T15:00,5.9
2025-11-28T16:00,5.9
2025-11-28T17:00,5.8
2025-11-28T18:00,5.6
2025-11-28T19:00,5.6
2025-11-28T20:00,5.5
2025-11-28T21:00,5.4
2025-11-28T22:00,5.3
2025-11-28T23:00,5.3
2025-11-29T00:00,5.2
2025-11-29T01:00,5.3
2025-11-29T02:00,5.4
2025-11-29T03:00,5.5
2025-11-29T04:00,5.5
2025-11-29T05:00,5.6
2025-11-29T06:00,5.5
2025-11-29T07:00,5.5
2025-11-29T08:00,6.0
2025-11-29T09:00,6.5
2025-11-29T10:00,7.0
2025-11-29T11:00,7.3
2025-11-29T12:00,7.2
2025-11-29T13:00,7.5
2025-11-29T14:00,7.6
2025-11-29T15:00,6.6
2025-11-29T16:00,6.1
2025-11-29T17:00,6.5
2025-11-29T18:00,6.9
2025-11-29T19:00,6.9
2025-11-29T20:00,6.8
2025-11-29T21:00,6.6
2025-11-29T22:00,6.0
2025-11-29T23:00,5.7
